-- Authors
INSERT INTO Author (AuthorName) VALUES ('Kevin Graves');
INSERT INTO Author (AuthorName) VALUES ('James Nelson');
INSERT INTO Author (AuthorName) VALUES ('Alexandra Brown');
INSERT INTO Author (AuthorName) VALUES ('Gary Wright');
INSERT INTO Author (AuthorName) VALUES ('Cory Bradshaw');
INSERT INTO Author (AuthorName) VALUES ('Thomas Daniels');
INSERT INTO Author (AuthorName) VALUES ('David Cunningham');
INSERT INTO Author (AuthorName) VALUES ('Michelle Reyes');
INSERT INTO Author (AuthorName) VALUES ('Michael Washington');
INSERT INTO Author (AuthorName) VALUES ('Crystal Johnson');

-- Publishers
INSERT INTO Publisher (PublisherName) VALUES ('Hall, Ayers and Rojas');
INSERT INTO Publisher (PublisherName) VALUES ('Daniel-Silva');
INSERT INTO Publisher (PublisherName) VALUES ('Gonzalez LLC');
INSERT INTO Publisher (PublisherName) VALUES ('Perkins, Figueroa and Malone');
INSERT INTO Publisher (PublisherName) VALUES ('Graham Inc');

-- Books
INSERT INTO Book (Title, Genre, PublicationYear, PublisherID, AuthorID) VALUES ('Certainly along professional.', 'Romance', 1996, 2, 7);
INSERT INTO Book (Title, Genre, PublicationYear, PublisherID, AuthorID) VALUES ('Instead possible everybody watch.', 'Romance', 1990, 4, 7);
INSERT INTO Book (Title, Genre, PublicationYear, PublisherID, AuthorID) VALUES ('Few around interview.', 'Mystery', 2017, 1, 2);
INSERT INTO Book (Title, Genre, PublicationYear, PublisherID, AuthorID) VALUES ('Each per door.', 'Science Fiction', 2006, 3, 7);
INSERT INTO Book (Title, Genre, PublicationYear, PublisherID, AuthorID) VALUES ('Here sound.', 'Mystery', 2021, 4, 4);
INSERT INTO Book (Title, Genre, PublicationYear, PublisherID, AuthorID) VALUES ('Teacher long mission.', 'Fantasy', 2020, 2, 2);
INSERT INTO Book (Title, Genre, PublicationYear, PublisherID, AuthorID) VALUES ('Since child mean phone.', 'Romance', 1987, 1, 8);
INSERT INTO Book (Title, Genre, PublicationYear, PublisherID, AuthorID) VALUES ('Light somebody he.', 'Mystery', 2004, 4, 3);
INSERT INTO Book (Title, Genre, PublicationYear, PublisherID, AuthorID) VALUES ('Serve country admit.', 'Romance', 1987, 1, 5);
INSERT INTO Book (Title, Genre, PublicationYear, PublisherID, AuthorID) VALUES ('Gun responsibility.', 'Science Fiction', 2021, 2, 3);
INSERT INTO Book (Title, Genre, PublicationYear, PublisherID, AuthorID) VALUES ('Chair out reduce.', 'Romance', 1991, 5, 3);
INSERT INTO Book (Title, Genre, PublicationYear, PublisherID, AuthorID) VALUES ('Myself.', 'Mystery', 2005, 4, 8);
INSERT INTO Book (Title, Genre, PublicationYear, PublisherID, AuthorID) VALUES ('Mother.', 'Romance', 2005, 5, 7);
INSERT INTO Book (Title, Genre, PublicationYear, PublisherID, AuthorID) VALUES ('Whether high at.', 'Science Fiction', 1997, 4, 9);
INSERT INTO Book (Title, Genre, PublicationYear, PublisherID, AuthorID) VALUES ('Your this whole.', 'Non-Fiction', 1989, 1, 7);
INSERT INTO Book (Title, Genre, PublicationYear, PublisherID, AuthorID) VALUES ('Official mention.', 'Non-Fiction', 1991, 5, 5);
INSERT INTO Book (Title, Genre, PublicationYear, PublisherID, AuthorID) VALUES ('Create trade.', 'Science Fiction', 1984, 5, 4);
INSERT INTO Book (Title, Genre, PublicationYear, PublisherID, AuthorID) VALUES ('Office week give.', 'Mystery', 2007, 5, 4);
INSERT INTO Book (Title, Genre, PublicationYear, PublisherID, AuthorID) VALUES ('Natural.', 'Mystery', 2018, 5, 9);
INSERT INTO Book (Title, Genre, PublicationYear, PublisherID, AuthorID) VALUES ('Individual rather.', 'Science Fiction', 1997, 4, 10);

-- Customers
INSERT INTO Customer (CustomerName, ContactInfo) VALUES ('Joshua Chambers', '639.399.0443');
INSERT INTO Customer (CustomerName, ContactInfo) VALUES ('Nicholas Diaz', '490.344.7616x9004');
INSERT INTO Customer (CustomerName, ContactInfo) VALUES ('Edward Johnson', '2316337575');
INSERT INTO Customer (CustomerName, ContactInfo) VALUES ('Madison Powers', '6184676532');
INSERT INTO Customer (CustomerName, ContactInfo) VALUES ('Teresa Torres', '(597)837-3574x576');
INSERT INTO Customer (CustomerName, ContactInfo) VALUES ('Robin Rollins', '6152873319');
INSERT INTO Customer (CustomerName, ContactInfo) VALUES ('Lawrence Sanchez', '001-664-570-4935x413');
INSERT INTO Customer (CustomerName, ContactInfo) VALUES ('Collin Calderon', '859.356.5908x557');
INSERT INTO Customer (CustomerName, ContactInfo) VALUES ('Julie Lee', '001-484-892-6374');
INSERT INTO Customer (CustomerName, ContactInfo) VALUES ('William Moore', '001-920-465-8677x900');
INSERT INTO Customer (CustomerName, ContactInfo) VALUES ('James Daniel', '9469578185');
INSERT INTO Customer (CustomerName, ContactInfo) VALUES ('Heather Gomez', '+1-360-466-0562');
INSERT INTO Customer (CustomerName, ContactInfo) VALUES ('Justin Sandoval', '320.586.4987');
INSERT INTO Customer (CustomerName, ContactInfo) VALUES ('Manuel Carroll', '+1-530-592-4526x585');
INSERT INTO Customer (CustomerName, ContactInfo) VALUES ('Sandra Sanford', '+1-729-904-8971');

-- Libraries
INSERT INTO Library (LibraryID, LibraryName, Address) VALUES (1, 'Davis, Cobb and Stephenson', '1155 Morton Stream Apt. 739
Christinaside, OR 04511');
INSERT INTO Library (LibraryID, LibraryName, Address) VALUES (2, 'Novak-Warner', '50203 Davis Station
Christyland, WA 92439');
INSERT INTO Library (LibraryID, LibraryName, Address) VALUES (3, 'Dougherty PLC', 'Unit 2100 Box 3814
DPO AA 12869');

-- Book Copies
INSERT INTO BookCopy (BookID, LibraryID) VALUES (16, 3);
INSERT INTO BookCopy (BookID, LibraryID) VALUES (4, 2);
INSERT INTO BookCopy (BookID, LibraryID) VALUES (3, 3);
INSERT INTO BookCopy (BookID, LibraryID) VALUES (10, 3);
INSERT INTO BookCopy (BookID, LibraryID) VALUES (4, 3);
INSERT INTO BookCopy (BookID, LibraryID) VALUES (20, 2);
INSERT INTO BookCopy (BookID, LibraryID) VALUES (18, 1);
INSERT INTO BookCopy (BookID, LibraryID) VALUES (8, 2);
INSERT INTO BookCopy (BookID, LibraryID) VALUES (7, 2);
INSERT INTO BookCopy (BookID, LibraryID) VALUES (9, 2);
INSERT INTO BookCopy (BookID, LibraryID) VALUES (6, 2);
INSERT INTO BookCopy (BookID, LibraryID) VALUES (10, 2);
INSERT INTO BookCopy (BookID, LibraryID) VALUES (10, 2);
INSERT INTO BookCopy (BookID, LibraryID) VALUES (19, 2);
INSERT INTO BookCopy (BookID, LibraryID) VALUES (20, 1);
INSERT INTO BookCopy (BookID, LibraryID) VALUES (11, 1);
INSERT INTO BookCopy (BookID, LibraryID) VALUES (17, 2);
INSERT INTO BookCopy (BookID, LibraryID) VALUES (11, 3);
INSERT INTO BookCopy (BookID, LibraryID) VALUES (9, 3);
INSERT INTO BookCopy (BookID, LibraryID) VALUES (10, 3);
INSERT INTO BookCopy (BookID, LibraryID) VALUES (11, 1);
INSERT INTO BookCopy (BookID, LibraryID) VALUES (6, 3);
INSERT INTO BookCopy (BookID, LibraryID) VALUES (4, 3);
INSERT INTO BookCopy (BookID, LibraryID) VALUES (14, 2);
INSERT INTO BookCopy (BookID, LibraryID) VALUES (6, 1);
INSERT INTO BookCopy (BookID, LibraryID) VALUES (14, 2);
INSERT INTO BookCopy (BookID, LibraryID) VALUES (12, 1);
INSERT INTO BookCopy (BookID, LibraryID) VALUES (1, 1);
INSERT INTO BookCopy (BookID, LibraryID) VALUES (8, 3);
INSERT INTO BookCopy (BookID, LibraryID) VALUES (15, 2);
INSERT INTO BookCopy (BookID, LibraryID) VALUES (7, 1);
INSERT INTO BookCopy (BookID, LibraryID) VALUES (15, 3);
INSERT INTO BookCopy (BookID, LibraryID) VALUES (2, 3);
INSERT INTO BookCopy (BookID, LibraryID) VALUES (6, 3);
INSERT INTO BookCopy (BookID, LibraryID) VALUES (4, 1);
INSERT INTO BookCopy (BookID, LibraryID) VALUES (8, 1);
INSERT INTO BookCopy (BookID, LibraryID) VALUES (20, 2);
INSERT INTO BookCopy (BookID, LibraryID) VALUES (1, 1);
INSERT INTO BookCopy (BookID, LibraryID) VALUES (10, 2);
INSERT INTO BookCopy (BookID, LibraryID) VALUES (6, 1);
INSERT INTO BookCopy (BookID, LibraryID) VALUES (9, 2);
INSERT INTO BookCopy (BookID, LibraryID) VALUES (20, 1);
INSERT INTO BookCopy (BookID, LibraryID) VALUES (19, 1);
INSERT INTO BookCopy (BookID, LibraryID) VALUES (19, 2);
INSERT INTO BookCopy (BookID, LibraryID) VALUES (17, 1);
INSERT INTO BookCopy (BookID, LibraryID) VALUES (18, 3);
INSERT INTO BookCopy (BookID, LibraryID) VALUES (11, 1);
INSERT INTO BookCopy (BookID, LibraryID) VALUES (4, 1);
INSERT INTO BookCopy (BookID, LibraryID) VALUES (3, 2);
INSERT INTO BookCopy (BookID, LibraryID) VALUES (3, 3);

-- Transactions
INSERT INTO Transaction (CopyID, CustomerID, IssueDate, DueDate, ReturnDate) VALUES (5, 15, '2024-11-16', '2024-11-25', '2025-01-11');
INSERT INTO Transaction (CopyID, CustomerID, IssueDate, DueDate, ReturnDate) VALUES (45, 9, '2024-12-12', '2024-12-21', NULL);
INSERT INTO Transaction (CopyID, CustomerID, IssueDate, DueDate, ReturnDate) VALUES (2, 8, '2024-11-16', '2024-11-23', '2024-11-29');
INSERT INTO Transaction (CopyID, CustomerID, IssueDate, DueDate, ReturnDate) VALUES (35, 5, '2024-12-19', '2025-01-18', '2025-01-20');
INSERT INTO Transaction (CopyID, CustomerID, IssueDate, DueDate, ReturnDate) VALUES (25, 11, '2025-01-12', '2025-01-23', '2025-01-23');
INSERT INTO Transaction (CopyID, CustomerID, IssueDate, DueDate, ReturnDate) VALUES (27, 4, '2024-03-04', '2024-04-03', '2024-07-18');
INSERT INTO Transaction (CopyID, CustomerID, IssueDate, DueDate, ReturnDate) VALUES (48, 15, '2024-02-01', '2024-02-08', '2024-03-14');
INSERT INTO Transaction (CopyID, CustomerID, IssueDate, DueDate, ReturnDate) VALUES (17, 8, '2024-03-03', '2024-03-30', '2024-05-13');
INSERT INTO Transaction (CopyID, CustomerID, IssueDate, DueDate, ReturnDate) VALUES (15, 7, '2024-10-15', '2024-10-26', '2024-10-29');
INSERT INTO Transaction (CopyID, CustomerID, IssueDate, DueDate, ReturnDate) VALUES (41, 3, '2024-04-15', '2024-05-10', '2024-07-26');
INSERT INTO Transaction (CopyID, CustomerID, IssueDate, DueDate, ReturnDate) VALUES (15, 7, '2024-08-14', '2024-09-02', NULL);
INSERT INTO Transaction (CopyID, CustomerID, IssueDate, DueDate, ReturnDate) VALUES (18, 1, '2025-01-15', '2025-01-23', NULL);
INSERT INTO Transaction (CopyID, CustomerID, IssueDate, DueDate, ReturnDate) VALUES (21, 6, '2024-09-13', '2024-09-28', '2024-12-27');
INSERT INTO Transaction (CopyID, CustomerID, IssueDate, DueDate, ReturnDate) VALUES (21, 8, '2024-05-07', '2024-05-17', '2024-12-26');
INSERT INTO Transaction (CopyID, CustomerID, IssueDate, DueDate, ReturnDate) VALUES (49, 6, '2024-10-10', '2024-10-26', NULL);
INSERT INTO Transaction (CopyID, CustomerID, IssueDate, DueDate, ReturnDate) VALUES (38, 9, '2024-03-28', '2024-04-19', '2024-07-27');
INSERT INTO Transaction (CopyID, CustomerID, IssueDate, DueDate, ReturnDate) VALUES (19, 9, '2024-12-08', '2024-12-23', '2025-01-01');
INSERT INTO Transaction (CopyID, CustomerID, IssueDate, DueDate, ReturnDate) VALUES (1, 11, '2024-07-27', '2024-08-03', '2024-08-06');
INSERT INTO Transaction (CopyID, CustomerID, IssueDate, DueDate, ReturnDate) VALUES (42, 5, '2024-12-24', '2025-01-21', NULL);
INSERT INTO Transaction (CopyID, CustomerID, IssueDate, DueDate, ReturnDate) VALUES (44, 13, '2024-12-13', '2024-12-28', NULL);
INSERT INTO Transaction (CopyID, CustomerID, IssueDate, DueDate, ReturnDate) VALUES (7, 13, '2024-08-08', '2024-08-24', '2024-10-12');
INSERT INTO Transaction (CopyID, CustomerID, IssueDate, DueDate, ReturnDate) VALUES (20, 5, '2024-08-16', '2024-08-25', '2024-09-25');
INSERT INTO Transaction (CopyID, CustomerID, IssueDate, DueDate, ReturnDate) VALUES (23, 6, '2024-07-03', '2024-07-25', NULL);
INSERT INTO Transaction (CopyID, CustomerID, IssueDate, DueDate, ReturnDate) VALUES (14, 12, '2024-09-06', '2024-09-17', '2025-01-21');
INSERT INTO Transaction (CopyID, CustomerID, IssueDate, DueDate, ReturnDate) VALUES (15, 3, '2024-04-13', '2024-05-03', '2024-05-26');
INSERT INTO Transaction (CopyID, CustomerID, IssueDate, DueDate, ReturnDate) VALUES (35, 4, '2024-09-28', '2024-10-10', NULL);
INSERT INTO Transaction (CopyID, CustomerID, IssueDate, DueDate, ReturnDate) VALUES (19, 13, '2024-05-24', '2024-06-19', '2024-10-15');
INSERT INTO Transaction (CopyID, CustomerID, IssueDate, DueDate, ReturnDate) VALUES (36, 11, '2024-12-07', '2025-01-04', NULL);
INSERT INTO Transaction (CopyID, CustomerID, IssueDate, DueDate, ReturnDate) VALUES (5, 11, '2024-08-25', '2024-09-07', '2024-09-24');
INSERT INTO Transaction (CopyID, CustomerID, IssueDate, DueDate, ReturnDate) VALUES (17, 1, '2024-08-15', '2024-09-07', '2024-10-02');
INSERT INTO Transaction (CopyID, CustomerID, IssueDate, DueDate, ReturnDate) VALUES (41, 12, '2024-05-25', '2024-06-05', NULL);
INSERT INTO Transaction (CopyID, CustomerID, IssueDate, DueDate, ReturnDate) VALUES (29, 14, '2024-07-11', '2024-07-19', '2024-07-25');
INSERT INTO Transaction (CopyID, CustomerID, IssueDate, DueDate, ReturnDate) VALUES (29, 8, '2024-02-18', '2024-03-05', NULL);
INSERT INTO Transaction (CopyID, CustomerID, IssueDate, DueDate, ReturnDate) VALUES (35, 4, '2025-01-07', '2025-01-23', NULL);
INSERT INTO Transaction (CopyID, CustomerID, IssueDate, DueDate, ReturnDate) VALUES (35, 1, '2024-09-28', '2024-10-24', NULL);
INSERT INTO Transaction (CopyID, CustomerID, IssueDate, DueDate, ReturnDate) VALUES (20, 7, '2024-11-02', '2024-11-30', '2024-12-21');
INSERT INTO Transaction (CopyID, CustomerID, IssueDate, DueDate, ReturnDate) VALUES (25, 5, '2024-02-27', '2024-03-16', NULL);
INSERT INTO Transaction (CopyID, CustomerID, IssueDate, DueDate, ReturnDate) VALUES (48, 15, '2024-02-26', '2024-03-08', NULL);
INSERT INTO Transaction (CopyID, CustomerID, IssueDate, DueDate, ReturnDate) VALUES (28, 14, '2024-09-11', '2024-09-29', NULL);
INSERT INTO Transaction (CopyID, CustomerID, IssueDate, DueDate, ReturnDate) VALUES (25, 9, '2024-11-03', '2024-11-22', '2025-01-08');
INSERT INTO Transaction (CopyID, CustomerID, IssueDate, DueDate, ReturnDate) VALUES (29, 8, '2024-06-26', '2024-07-16', '2024-12-15');
INSERT INTO Transaction (CopyID, CustomerID, IssueDate, DueDate, ReturnDate) VALUES (9, 7, '2024-05-02', '2024-05-18', '2024-07-10');
INSERT INTO Transaction (CopyID, CustomerID, IssueDate, DueDate, ReturnDate) VALUES (33, 2, '2024-08-23', '2024-09-16', '2024-10-10');
INSERT INTO Transaction (CopyID, CustomerID, IssueDate, DueDate, ReturnDate) VALUES (47, 3, '2024-03-23', '2024-04-21', NULL);
INSERT INTO Transaction (CopyID, CustomerID, IssueDate, DueDate, ReturnDate) VALUES (12, 11, '2024-11-02', '2024-11-22', NULL);
INSERT INTO Transaction (CopyID, CustomerID, IssueDate, DueDate, ReturnDate) VALUES (34, 12, '2024-03-20', '2024-04-11', NULL);
INSERT INTO Transaction (CopyID, CustomerID, IssueDate, DueDate, ReturnDate) VALUES (45, 1, '2024-02-22', '2024-02-29', '2024-10-07');
INSERT INTO Transaction (CopyID, CustomerID, IssueDate, DueDate, ReturnDate) VALUES (24, 7, '2024-11-30', '2024-12-26', '2025-01-09');
INSERT INTO Transaction (CopyID, CustomerID, IssueDate, DueDate, ReturnDate) VALUES (32, 9, '2024-09-08', '2024-10-06', NULL);
INSERT INTO Transaction (CopyID, CustomerID, IssueDate, DueDate, ReturnDate) VALUES (47, 15, '2024-02-01', '2024-02-09', NULL);
INSERT INTO Transaction (CopyID, CustomerID, IssueDate, DueDate, ReturnDate) VALUES (41, 3, '2024-08-24', '2024-08-31', '2024-10-23');
INSERT INTO Transaction (CopyID, CustomerID, IssueDate, DueDate, ReturnDate) VALUES (42, 10, '2024-07-18', '2024-08-11', '2024-10-03');
INSERT INTO Transaction (CopyID, CustomerID, IssueDate, DueDate, ReturnDate) VALUES (36, 10, '2024-02-13', '2024-03-10', NULL);
INSERT INTO Transaction (CopyID, CustomerID, IssueDate, DueDate, ReturnDate) VALUES (49, 12, '2024-12-13', '2025-01-12', '2025-01-12');
INSERT INTO Transaction (CopyID, CustomerID, IssueDate, DueDate, ReturnDate) VALUES (29, 3, '2024-07-07', '2024-07-20', NULL);
INSERT INTO Transaction (CopyID, CustomerID, IssueDate, DueDate, ReturnDate) VALUES (17, 10, '2024-02-19', '2024-03-12', NULL);
INSERT INTO Transaction (CopyID, CustomerID, IssueDate, DueDate, ReturnDate) VALUES (50, 1, '2024-06-07', '2024-06-26', NULL);
INSERT INTO Transaction (CopyID, CustomerID, IssueDate, DueDate, ReturnDate) VALUES (16, 6, '2024-06-12', '2024-07-06', NULL);
INSERT INTO Transaction (CopyID, CustomerID, IssueDate, DueDate, ReturnDate) VALUES (15, 9, '2024-08-10', '2024-08-20', '2024-11-11');
INSERT INTO Transaction (CopyID, CustomerID, IssueDate, DueDate, ReturnDate) VALUES (44, 13, '2024-08-13', '2024-09-12', NULL);
INSERT INTO Transaction (CopyID, CustomerID, IssueDate, DueDate, ReturnDate) VALUES (14, 12, '2024-07-03', '2024-08-02', '2024-08-19');
INSERT INTO Transaction (CopyID, CustomerID, IssueDate, DueDate, ReturnDate) VALUES (15, 8, '2024-04-23', '2024-05-11', NULL);
INSERT INTO Transaction (CopyID, CustomerID, IssueDate, DueDate, ReturnDate) VALUES (28, 14, '2024-03-03', '2024-03-25', NULL);
INSERT INTO Transaction (CopyID, CustomerID, IssueDate, DueDate, ReturnDate) VALUES (17, 13, '2024-10-08', '2024-10-26', '2024-11-24');
INSERT INTO Transaction (CopyID, CustomerID, IssueDate, DueDate, ReturnDate) VALUES (49, 15, '2024-11-30', '2024-12-25', '2025-01-03');
INSERT INTO Transaction (CopyID, CustomerID, IssueDate, DueDate, ReturnDate) VALUES (19, 14, '2024-02-14', '2024-03-11', '2024-12-14');
INSERT INTO Transaction (CopyID, CustomerID, IssueDate, DueDate, ReturnDate) VALUES (31, 2, '2024-05-20', '2024-06-06', NULL);
INSERT INTO Transaction (CopyID, CustomerID, IssueDate, DueDate, ReturnDate) VALUES (48, 8, '2024-09-11', '2024-09-30', NULL);
INSERT INTO Transaction (CopyID, CustomerID, IssueDate, DueDate, ReturnDate) VALUES (40, 14, '2024-09-20', '2024-10-07', '2024-10-28');
INSERT INTO Transaction (CopyID, CustomerID, IssueDate, DueDate, ReturnDate) VALUES (1, 15, '2024-02-29', '2024-03-29', NULL);
INSERT INTO Transaction (CopyID, CustomerID, IssueDate, DueDate, ReturnDate) VALUES (7, 8, '2024-12-13', '2024-12-25', NULL);
INSERT INTO Transaction (CopyID, CustomerID, IssueDate, DueDate, ReturnDate) VALUES (39, 8, '2024-05-29', '2024-06-08', '2024-10-16');
INSERT INTO Transaction (CopyID, CustomerID, IssueDate, DueDate, ReturnDate) VALUES (33, 11, '2024-03-13', '2024-04-06', NULL);
INSERT INTO Transaction (CopyID, CustomerID, IssueDate, DueDate, ReturnDate) VALUES (42, 11, '2024-07-27', '2024-08-09', NULL);
INSERT INTO Transaction (CopyID, CustomerID, IssueDate, DueDate, ReturnDate) VALUES (37, 15, '2024-04-09', '2024-04-23', '2024-11-09');
INSERT INTO Transaction (CopyID, CustomerID, IssueDate, DueDate, ReturnDate) VALUES (38, 3, '2024-12-13', '2024-12-28', '2025-01-12');
INSERT INTO Transaction (CopyID, CustomerID, IssueDate, DueDate, ReturnDate) VALUES (45, 4, '2024-07-10', '2024-07-18', '2024-10-13');
INSERT INTO Transaction (CopyID, CustomerID, IssueDate, DueDate, ReturnDate) VALUES (5, 11, '2024-02-21', '2024-03-06', '2024-03-13');
INSERT INTO Transaction (CopyID, CustomerID, IssueDate, DueDate, ReturnDate) VALUES (37, 2, '2024-06-19', '2024-07-04', NULL);
INSERT INTO Transaction (CopyID, CustomerID, IssueDate, DueDate, ReturnDate) VALUES (11, 7, '2025-01-11', '2025-01-23', NULL);
INSERT INTO Transaction (CopyID, CustomerID, IssueDate, DueDate, ReturnDate) VALUES (39, 13, '2024-10-14', '2024-10-28', NULL);
INSERT INTO Transaction (CopyID, CustomerID, IssueDate, DueDate, ReturnDate) VALUES (30, 2, '2024-06-28', '2024-07-17', NULL);
INSERT INTO Transaction (CopyID, CustomerID, IssueDate, DueDate, ReturnDate) VALUES (29, 14, '2024-06-24', '2024-07-01', '2024-08-02');
INSERT INTO Transaction (CopyID, CustomerID, IssueDate, DueDate, ReturnDate) VALUES (49, 11, '2024-10-07', '2024-11-01', '2025-01-07');
INSERT INTO Transaction (CopyID, CustomerID, IssueDate, DueDate, ReturnDate) VALUES (49, 14, '2024-08-25', '2024-09-12', NULL);
INSERT INTO Transaction (CopyID, CustomerID, IssueDate, DueDate, ReturnDate) VALUES (2, 6, '2024-08-25', '2024-09-06', '2024-12-22');
INSERT INTO Transaction (CopyID, CustomerID, IssueDate, DueDate, ReturnDate) VALUES (19, 4, '2024-10-16', '2024-11-03', '2024-12-08');
INSERT INTO Transaction (CopyID, CustomerID, IssueDate, DueDate, ReturnDate) VALUES (42, 7, '2025-01-05', '2025-01-14', '2025-01-16');
INSERT INTO Transaction (CopyID, CustomerID, IssueDate, DueDate, ReturnDate) VALUES (25, 11, '2024-04-24', '2024-05-01', '2024-07-31');
INSERT INTO Transaction (CopyID, CustomerID, IssueDate, DueDate, ReturnDate) VALUES (1, 6, '2024-10-11', '2024-10-23', '2024-12-31');
INSERT INTO Transaction (CopyID, CustomerID, IssueDate, DueDate, ReturnDate) VALUES (23, 12, '2024-01-30', '2024-02-26', NULL);
INSERT INTO Transaction (CopyID, CustomerID, IssueDate, DueDate, ReturnDate) VALUES (29, 3, '2024-12-30', '2025-01-13', '2025-01-20');
INSERT INTO Transaction (CopyID, CustomerID, IssueDate, DueDate, ReturnDate) VALUES (24, 15, '2024-09-17', '2024-09-27', NULL);
INSERT INTO Transaction (CopyID, CustomerID, IssueDate, DueDate, ReturnDate) VALUES (29, 11, '2024-04-20', '2024-04-30', '2024-10-11');
INSERT INTO Transaction (CopyID, CustomerID, IssueDate, DueDate, ReturnDate) VALUES (20, 12, '2024-05-04', '2024-05-26', NULL);
INSERT INTO Transaction (CopyID, CustomerID, IssueDate, DueDate, ReturnDate) VALUES (47, 14, '2025-01-22', '2025-01-23', '2025-01-23');
INSERT INTO Transaction (CopyID, CustomerID, IssueDate, DueDate, ReturnDate) VALUES (18, 8, '2024-04-19', '2024-05-13', NULL);
INSERT INTO Transaction (CopyID, CustomerID, IssueDate, DueDate, ReturnDate) VALUES (6, 2, '2024-03-08', '2024-03-30', NULL);
INSERT INTO Transaction (CopyID, CustomerID, IssueDate, DueDate, ReturnDate) VALUES (32, 4, '2024-05-08', '2024-05-20', '2024-05-29');
INSERT INTO Transaction (CopyID, CustomerID, IssueDate, DueDate, ReturnDate) VALUES (42, 6, '2024-10-04', '2024-10-13', NULL);

